,last_update,pub_key,alias,addresses,color,features.0.name,features.0.is_required,features.0.is_known,features.5.name,features.5.is_required,features.5.is_known,features.7.name,features.7.is_required,features.7.is_known,features.9.name,features.9.is_required,features.9.is_known,features.13.name,features.13.is_required,features.13.is_known,features.15.name,features.15.is_required,features.15.is_known,features.17.name,features.17.is_required,features.17.is_known,outCount,outCapacity,inCount,inCapacity,chCount
173,1685047441,03bd03386d7b2efe80ae46d6c8cfcfdfcf9c9297a465ac0d48c110d11ae58ed509,hub0.bisonrelay.org,"[{'network': 'tcp', 'addr': '45.32.162.169:9735'}, {'network': 'tcp', 'addr': '[2001:19f0:9002:617:5400:4ff:fe40:5353]:9735'}]",#3399ff,data-loss-protect,True,True,upfront-shutdown-script,False,True,gossip-queries,False,True,tlv-onion,False,True,static-remote-key,False,True,payment-addr,False,True,multi-path-payments,False,True,39.0,451574060.0,182.0,4407286905.0,221.0
156,1685048346,0378f2ac061acbbc68d46241074cc658479923b01bd3adaf161b77270f8123d385,lp0.bisonrelay.org,[],#3399ff,data-loss-protect,True,True,upfront-shutdown-script,False,True,gossip-queries,False,True,tlv-onion,False,True,static-remote-key,False,True,payment-addr,False,True,multi-path-payments,False,True,35.0,2284752299.0,94.0,2671489898.0,129.0
141,1685034020,035367ba8ce27b52d1bcc6af833bb38b446e920b4b8e3ff6ee47e9a56a6b71fe54,dcrln-01.matheusd.com,"[{'network': 'tcp', 'addr': '45.63.21.56:9735'}]",#3399ff,data-loss-protect,True,True,upfront-shutdown-script,False,True,gossip-queries,False,True,tlv-onion,False,True,static-remote-key,False,True,payment-addr,False,True,multi-path-payments,False,True,9.0,308994980.0,12.0,2380728232.0,21.0
0,1685022344,0204380154466972338341f5a5b5814be7a96e35f2a76ab3a45fd0baee5bafbd00,El Gran Bisonte ‚ö°üêÇ‚ö°,"[{'network': 'tcp', 'addr': '51.15.91.167:9735'}]",#091440,data-loss-protect,True,True,upfront-shutdown-script,False,True,gossip-queries,False,True,tlv-onion,False,True,static-remote-key,False,True,payment-addr,False,True,multi-path-payments,False,True,16.0,1159293636.0,0.0,0.0,16.0
86,1685013162,02c40ba38409c6ae0b895ea9741e9eb07be8e1cd2504580f221127e7b6e3340e83,‚ö°ln.dcrhive.com‚ö°,"[{'network': 'tcp', 'addr': '51.75.161.171:9735'}]",#a333ff,data-loss-protect,True,True,upfront-shutdown-script,False,True,gossip-queries,False,True,tlv-onion,False,True,static-remote-key,False,True,payment-addr,False,True,multi-path-payments,False,True,7.0,1210002664.0,9.0,1466005138.0,16.0
170,1685037353,03b3db734a1b7b9a33fa47854a934422a04e463eafcfb69c31157b7e88428eb88e,dhill,"[{'network': 'tcp', 'addr': '207.148.9.153:9735'}, {'network': 'tcp', 'addr': '[2001:19f0:5c01:d7f:5400:4ff:fe25:d338]:9735'}]",#3399ff,data-loss-protect,True,True,upfront-shutdown-script,False,True,gossip-queries,False,True,tlv-onion,False,True,static-remote-key,False,True,payment-addr,False,True,multi-path-payments,False,True,2.0,300000000.0,10.0,1170000000.0,12.0
196,1666728401,03ec729b8d558ce05455525577eec5872e104bd1ee52b69c744e7d61a6765fbc1c,jholdstock ‚ö°,"[{'network': 'tcp', 'addr': '51.68.214.224:9735'}]",#ff6600,data-loss-protect,True,True,upfront-shutdown-script,False,True,gossip-queries,False,True,tlv-onion,False,True,static-remote-key,False,True,payment-addr,False,True,multi-path-payments,False,True,1.0,40000000.0,8.0,465464128.0,9.0
16,1685040295,0221d5de42faf9b73facdde4048e945ed586e8f576f0613117d7e1f4a974812cd4,0221d5de42faf9b73fac,"[{'network': 'tcp', 'addr': '45.77.195.239:9735'}, {'network': 'tcp', 'addr': '[2001:19f0:9003:77c:5400:4ff:fe44:35b0]:9735'}]",#3399ff,data-loss-protect,True,True,upfront-shutdown-script,False,True,gossip-queries,False,True,tlv-onion,False,True,static-remote-key,False,True,payment-addr,False,True,multi-path-payments,False,True,8.0,801000000.0,0.0,0.0,8.0
132,1685043277,033c8d18df6a62acb3eda5d385a962ca3e34055d05421191ad4eeff58aefa06ed8,watchtower.decred.energy,"[{'network': 'tcp', 'addr': '108.170.31.106:9735'}]",#41bf53,data-loss-protect,True,True,upfront-shutdown-script,False,True,gossip-queries,False,True,tlv-onion,False,True,static-remote-key,False,True,payment-addr,False,True,multi-path-payments,False,True,4.0,608000000.0,3.0,500000666.0,7.0
45,1681413342,026296f7990275e61ff204070490b501f85d4d4b8bf70e6a1a23beef8b132287fb,026296f7990275e61ff2,[],#3399ff,data-loss-protect,True,True,upfront-shutdown-script,False,True,gossip-queries,False,True,tlv-onion,False,True,static-remote-key,False,True,payment-addr,False,True,multi-path-payments,False,True,7.0,40000000.0,0.0,0.0,7.0
193,1683547967,03ea6dfff9e1cb747ff426da64bc849b60788864e6ca5e5ac746245273ddd7042a,03ea6dfff9e1cb747ff4,[],#3399ff,data-loss-protect,True,True,upfront-shutdown-script,False,True,gossip-queries,False,True,tlv-onion,False,True,static-remote-key,False,True,payment-addr,False,True,multi-path-payments,False,True,0.0,0.0,7.0,95996782.0,7.0
185,1685041079,03d59c3acef408f54870b4f06d18007ca069c6c7bce913d36aae79219c8f46b9d3,watchtower.decred.live,"[{'network': 'tcp', 'addr': '82.165.108.160:9735'}]",#41bf53,data-loss-protect,True,True,upfront-shutdown-script,False,True,gossip-queries,False,True,tlv-onion,False,True,static-remote-key,False,True,payment-addr,False,True,multi-path-payments,False,True,1.0,200000000.0,5.0,1873737653.0,6.0
164,1685046012,03aa05f777bf81c4c4c6e33d559235e0dd0ab4dd6046428e72c142a14f858934ba,in.decred.live,"[{'network': 'tcp', 'addr': '103.212.120.137:9735'}]",#41bf53,data-loss-protect,True,True,upfront-shutdown-script,False,True,gossip-queries,False,True,tlv-onion,False,True,static-remote-key,False,True,payment-addr,False,True,multi-path-payments,False,True,3.0,239419040.0,3.0,116772747.0,6.0
110,1681999028,02f90b47336316ee2d04a4801983299fdfa2fe671e5d187009998931b70e5211f6,02f90b47336316ee2d04,[],#3399ff,data-loss-protect,True,True,upfront-shutdown-script,False,True,gossip-queries,False,True,tlv-onion,False,True,static-remote-key,False,True,payment-addr,False,True,multi-path-payments,False,True,6.0,24000000.0,0.0,0.0,6.0
62,1682909884,028b60c8054889be309d628a48b9a062bb20434b17a6da5c371c3bd227b30bd95a,028b60c8054889be309d,[],#3399ff,data-loss-protect,True,True,upfront-shutdown-script,False,True,gossip-queries,False,True,tlv-onion,False,True,static-remote-key,False,True,payment-addr,False,True,multi-path-payments,False,True,5.0,5000000.0,0.0,0.0,5.0
68,1671770674,02942be3f075e3756758676b812edd01d0489590794fad326c5b61bbca742d8b8c,02942be3f075e3756758,[],#3399ff,data-loss-protect,True,True,upfront-shutdown-script,False,True,gossip-queries,False,True,tlv-onion,False,True,static-remote-key,False,True,payment-addr,False,True,multi-path-payments,False,True,4.0,406755037.0,1.0,1000000.0,5.0
73,1684923151,02a4981b2619ca7bf2fc8b2044ee7f7afc427ad24c0c8e9b36ba756e424a0d1b0f,02a4981b2619ca7bf2fc,[],#3399ff,data-loss-protect,True,True,upfront-shutdown-script,False,True,gossip-queries,False,True,tlv-onion,False,True,static-remote-key,False,True,payment-addr,False,True,multi-path-payments,False,True,5.0,121100000.0,0.0,0.0,5.0
157,1680716363,038036074b6bf4b757523bc444556fbd819f54c03d85ddaddc6c8dacf9e74ad2e4,SysLiq,"[{'network': 'tcp', 'addr': '34.227.28.17:9735'}]",#a39bff,data-loss-protect,True,True,upfront-shutdown-script,False,True,gossip-queries,False,True,tlv-onion,False,True,static-remote-key,False,True,payment-addr,False,True,multi-path-payments,False,True,1.0,4000000.0,4.0,77997490.0,5.0
155,1681834478,0378e0cf1f369273cf6e8bdd16f7006ccdfab288235aa8c886c77f87db96c2658a,0378e0cf1f369273cf6e,[],#3399ff,data-loss-protect,True,True,upfront-shutdown-script,False,True,gossip-queries,False,True,tlv-onion,False,True,static-remote-key,False,True,payment-addr,False,True,multi-path-payments,False,True,5.0,2300000.0,0.0,0.0,5.0
202,1641762028,03f2c91b29337de58a95ca90165b13a10e46e83b621cdf660ea30deeff127d44d1,Liq-BR,"[{'network': 'tcp', 'addr': '18.230.115.229:9735'}]",#009c3b,data-loss-protect,True,True,upfront-shutdown-script,False,True,gossip-queries,False,True,tlv-onion,False,True,static-remote-key,False,True,payment-addr,False,True,multi-path-payments,False,True,0.0,0.0,5.0,262947553.0,5.0
195,1684274179,03ec158c87febb73e7478208c490b136f1f6f7aeaa77e3dd251e14b7d7f2daafca,03ec158c87febb73e747,[],#3399ff,data-loss-protect,True,True,upfront-shutdown-script,False,True,gossip-queries,False,True,tlv-onion,False,True,static-remote-key,False,True,payment-addr,False,True,multi-path-payments,False,True,0.0,0.0,4.0,4000000.0,4.0
78,1685042879,02ae782edc9c43ccbaae4e725db9c882406d25af6167ac56c406b0f9b5ebfeb690,02ae782edc9c43ccbaae,[],#3399ff,data-loss-protect,True,True,upfront-shutdown-script,False,True,gossip-queries,False,True,tlv-onion,False,True,static-remote-key,False,True,payment-addr,False,True,multi-path-payments,False,True,4.0,119000000.0,0.0,0.0,4.0
118,1685032194,0318fe468a8bd7374b49c3f8f3bdc4c68ef670d0982ad54dad84bea5304b6f39df,0318fe468a8bd7374b49,[],#3399ff,data-loss-protect,True,True,upfront-shutdown-script,False,True,gossip-queries,False,True,tlv-onion,False,True,static-remote-key,False,True,payment-addr,False,True,multi-path-payments,False,True,4.0,85000000.0,0.0,0.0,4.0
178,1675131090,03cbcadde9253d59f8d5c76389dfe01707530fc520883c868614e14963a1a8f1b5,03cbcadde9253d59f8d5,[],#3399ff,data-loss-protect,True,True,upfront-shutdown-script,False,True,gossip-queries,False,True,tlv-onion,False,True,static-remote-key,False,True,payment-addr,False,True,multi-path-payments,False,True,0.0,0.0,4.0,1300000.0,4.0
135,1685058756,0342eb8f2335b0aae3237162e73c5549666f23e049863105297c0ebbec2dbb09a2,0342eb8f2335b0aae323,[],#3399ff,data-loss-protect,True,True,upfront-shutdown-script,False,True,gossip-queries,False,True,tlv-onion,False,True,static-remote-key,False,True,payment-addr,False,True,multi-path-payments,False,True,4.0,704987030.0,0.0,0.0,4.0
147,1685045198,0366033780fc72f864551f5b245a95620b2e539e54f8174023b7c4ce9b6ac3dccd,0366033780fc72f86455,[],#3399ff,data-loss-protect,True,True,upfront-shutdown-script,False,True,gossip-queries,False,True,tlv-onion,False,True,static-remote-key,False,True,payment-addr,False,True,multi-path-payments,False,True,4.0,220000000.0,0.0,0.0,4.0
143,1685041882,035663029fb750ae3ae4c10a01f80df01547040397599868c2fd6e9a00bbf252c8,035663029fb750ae3ae4,[],#3399ff,data-loss-protect,True,True,upfront-shutdown-script,False,True,gossip-queries,False,True,tlv-onion,False,True,static-remote-key,False,True,payment-addr,False,True,multi-path-payments,False,True,4.0,71000000.0,0.0,0.0,4.0
60,1684985001,0288d937d6e6b2265b4ccca0ecbb96d7e4e21d5c73dec97d42ef0b5d92903ea1ba,1.base.dcrlnd,"[{'network': 'tcp', 'addr': '35.206.206.203:9735'}]",#ffff46,data-loss-protect,True,True,upfront-shutdown-script,False,True,gossip-queries,False,True,tlv-onion,False,True,static-remote-key,False,True,payment-addr,False,True,multi-path-payments,False,True,4.0,2898518213.0,0.0,0.0,4.0
189,1684874702,03dbfea1df6521b7e455e3bf0d42efda4e45ef5363c44684843f6556f2d9f005fc,03dbfea1df6521b7e455,[],#3399ff,data-loss-protect,True,True,upfront-shutdown-script,False,True,gossip-queries,False,True,tlv-onion,False,True,static-remote-key,False,True,payment-addr,False,True,multi-path-payments,False,True,0.0,0.0,4.0,4000000.0,4.0
192,1685041309,03e7c12c1a243741003805f7dcfb731394213a8926ec5ae861958e31750e042dae,03e7c12c1a2437410038,[],#3399ff,data-loss-protect,True,True,upfront-shutdown-script,False,True,gossip-queries,False,True,tlv-onion,False,True,static-remote-key,False,True,payment-addr,False,True,multi-path-payments,False,True,0.0,0.0,4.0,205037030.0,4.0
87,1685060458,02c502b5a0f3345f22f660ffce1a925f23a0ec7e08261e5413e93a88b911342ecc,02c502b5a0f3345f22f6,[],#3399ff,data-loss-protect,True,True,upfront-shutdown-script,False,True,gossip-queries,False,True,tlv-onion,False,True,static-remote-key,False,True,payment-addr,False,True,multi-path-payments,False,True,3.0,316000000.0,0.0,0.0,3.0
190,1684999370,03dcb813ed46de74aa2cf1c36e49ddbeb58f87feb282b0edc9fd4c0d1b06c7ccf3,03dcb813ed46de74aa2c,[],#3399ff,data-loss-protect,True,True,upfront-shutdown-script,False,True,gossip-queries,False,True,tlv-onion,False,True,static-remote-key,False,True,payment-addr,False,True,multi-path-payments,False,True,0.0,0.0,3.0,120000000.0,3.0
168,1684461722,03af68d4b202a18269efa313e4c2e8d92946bfbeb8d873c8c6c1f104aab01edd1e,03af68d4b202a18269ef,[],#3399ff,data-loss-protect,True,True,upfront-shutdown-script,False,True,gossip-queries,False,True,tlv-onion,False,True,static-remote-key,False,True,payment-addr,False,True,multi-path-payments,False,True,2.0,8000000.0,1.0,10000000.0,3.0
75,1685018525,02a8ab29bfe954e1471311644e0aca2a14f29766d0c11611583944302a11adb435,02a8ab29bfe954e14713,[],#3399ff,data-loss-protect,True,True,upfront-shutdown-script,False,True,gossip-queries,False,True,tlv-onion,False,True,static-remote-key,False,True,payment-addr,False,True,multi-path-payments,False,True,3.0,205000000.0,0.0,0.0,3.0
84,1683266503,02c22d08177dd355ae4d91ae7588b5b1d4f57d3fdf0a67cb4a7e97fcbd8d3b7f08,02c22d08177dd355ae4d,[],#3399ff,data-loss-protect,True,True,upfront-shutdown-script,False,True,gossip-queries,False,True,tlv-onion,False,True,static-remote-key,False,True,payment-addr,False,True,multi-path-payments,False,True,3.0,20000000.0,0.0,0.0,3.0
204,1684980071,03f65fadbbcede3f83c9f5c794ae9fdc3c568bf89f90721b5046fa6781d9bd3320,03f65fadbbcede3f83c9,[],#3399ff,data-loss-protect,True,True,upfront-shutdown-script,False,True,gossip-queries,False,True,tlv-onion,False,True,static-remote-key,False,True,payment-addr,False,True,multi-path-payments,False,True,0.0,0.0,3.0,31100000.0,3.0
88,1685022459,02cd627ad03b49f4042988a9a1016af15d9ed6a84c4797a9ce979a2178ffb90d05,02cd627ad03b49f40429,[],#3399ff,data-loss-protect,True,True,upfront-shutdown-script,False,True,gossip-queries,False,True,tlv-onion,False,True,static-remote-key,False,True,payment-addr,False,True,multi-path-payments,False,True,3.0,130000000.0,0.0,0.0,3.0
144,1676309331,036058c64905e8cf7cb971ef0ecb4e73e037072de2dc72268f0a6f059541afa902,036058c64905e8cf7cb9,[],#3399ff,data-loss-protect,True,True,upfront-shutdown-script,False,True,gossip-queries,False,True,tlv-onion,False,True,static-remote-key,False,True,payment-addr,False,True,multi-path-payments,False,True,3.0,15900000.0,0.0,0.0,3.0
93,1684833862,02d920c4ef3c515561b5cdfebd1c6f94187d430239be10cfcb60d348bcb2a42762,02d920c4ef3c515561b5,[],#3399ff,data-loss-protect,True,True,upfront-shutdown-script,False,True,gossip-queries,False,True,tlv-onion,False,True,static-remote-key,False,True,payment-addr,False,True,multi-path-payments,False,True,3.0,7000000.0,0.0,0.0,3.0
96,1684894174,02dec4de51ac5d8c76f34dc70c6bbe4c12f8887b52fa759297acbe5390632eea56,02dec4de51ac5d8c76f3,[],#3399ff,data-loss-protect,True,True,upfront-shutdown-script,False,True,gossip-queries,False,True,tlv-onion,False,True,static-remote-key,False,True,payment-addr,False,True,multi-path-payments,False,True,3.0,50000000.0,0.0,0.0,3.0
98,1682919872,02e35ed6fedac4d6bd995016ccac5e1b5a4f59cf3554ee1f3539ebca5084472994,02e35ed6fedac4d6bd99,[],#3399ff,data-loss-protect,True,True,upfront-shutdown-script,False,True,gossip-queries,False,True,tlv-onion,False,True,static-remote-key,False,True,payment-addr,False,True,multi-path-payments,False,True,3.0,45000000.0,0.0,0.0,3.0
108,1685042963,02eff4d2148281fda2cf590e63054e8803787e7541b99bdb9a97f648235f7f4e7e,02eff4d2148281fda2cf,[],#3399ff,data-loss-protect,True,True,upfront-shutdown-script,False,True,gossip-queries,False,True,tlv-onion,False,True,static-remote-key,False,True,payment-addr,False,True,multi-path-payments,False,True,3.0,140000000.0,0.0,0.0,3.0
159,1685016053,038a95ee5edb9bb05c923755a1fdcd4a142e4cb2fff8812d56e58629d0e8a6507f,038a95ee5edb9bb05c92,[],#3399ff,data-loss-protect,True,True,upfront-shutdown-script,False,True,gossip-queries,False,True,tlv-onion,False,True,static-remote-key,False,True,payment-addr,False,True,multi-path-payments,False,True,2.0,3899999.0,1.0,20000000.0,3.0
150,1677918301,036aca3d625e32f9aab486ec24d13f571b0b23c8419648bd8a8af4dc5c89c8f6b5,036aca3d625e32f9aab4,[],#3399ff,data-loss-protect,True,True,upfront-shutdown-script,False,True,gossip-queries,False,True,tlv-onion,False,True,static-remote-key,False,True,payment-addr,False,True,multi-path-payments,False,True,3.0,5000000.0,0.0,0.0,3.0
149,1684212553,036a54d7f89f440c0a40df55110e47c0f337dc1414aac497a861cd1c5de82cd468,036a54d7f89f440c0a40,[],#3399ff,data-loss-protect,True,True,upfront-shutdown-script,False,True,gossip-queries,False,True,tlv-onion,False,True,static-remote-key,False,True,payment-addr,False,True,multi-path-payments,False,True,3.0,61000000.0,0.0,0.0,3.0
134,1685042034,0340b65798a6bf46af88dfc20b70eccb100793cc0d704b2b487a67bfdee1ae7f7c,es.decred.live,"[{'network': 'tcp', 'addr': '82.223.23.73:9735'}]",#41bf53,data-loss-protect,True,True,upfront-shutdown-script,False,True,gossip-queries,False,True,tlv-onion,False,True,static-remote-key,False,True,payment-addr,False,True,multi-path-payments,False,True,1.0,200000000.0,2.0,307772747.0,3.0
209,1685053221,03ff900ec7c7559fffad679d2da63b49192d57e425d75b563671d5d0cd93565238,03ff900ec7c7559fffad,[],#3399ff,data-loss-protect,True,True,upfront-shutdown-script,False,True,gossip-queries,False,True,tlv-onion,False,True,static-remote-key,False,True,payment-addr,False,True,multi-path-payments,False,True,0.0,0.0,3.0,80000000.0,3.0
44,1685057563,025fa6090fa03e61471f8cc32661ac259645cf99f062de3ac914dc5e6b7c7964f6,025fa6090fa03e61471f,[],#3399ff,data-loss-protect,True,True,upfront-shutdown-script,False,True,gossip-queries,False,True,tlv-onion,False,True,static-remote-key,False,True,payment-addr,False,True,multi-path-payments,False,True,3.0,115000000.0,0.0,0.0,3.0
36,1681899129,024850801640955431343b6c831d59beba4cdb909642034ad3e9a62d06ab9548c0,02485080164095543134,[],#3399ff,data-loss-protect,True,True,upfront-shutdown-script,False,True,gossip-queries,False,True,tlv-onion,False,True,static-remote-key,False,True,payment-addr,False,True,multi-path-payments,False,True,3.0,5000000.0,0.0,0.0,3.0
37,1685032801,024c6d81846ac627e8f15fafaf36bb3cf6e9cae420204d3bb5b34fbfc38bb07dd4,024c6d81846ac627e8f1,[],#3399ff,data-loss-protect,True,True,upfront-shutdown-script,False,True,gossip-queries,False,True,tlv-onion,False,True,static-remote-key,False,True,payment-addr,False,True,multi-path-payments,False,True,3.0,115000000.0,0.0,0.0,3.0
24,1684978169,022c41a397814c015510e25161842475b3666efbdee2645399359bb135bd0abc9f,uk.decred.live,"[{'network': 'tcp', 'addr': '77.68.30.82:9735'}]",#41bf53,data-loss-protect,True,True,upfront-shutdown-script,False,True,gossip-queries,False,True,tlv-onion,False,True,static-remote-key,False,True,payment-addr,False,True,multi-path-payments,False,True,3.0,639997490.0,0.0,0.0,3.0
47,1683324609,02657c9ab2c9bbdfe3b7df0a932cd7726aba9d81732606558d53249df93beb8045,02657c9ab2c9bbdfe3b7,[],#3399ff,data-loss-protect,True,True,upfront-shutdown-script,False,True,gossip-queries,False,True,tlv-onion,False,True,static-remote-key,False,True,payment-addr,False,True,multi-path-payments,False,True,2.0,2000000.0,0.0,0.0,2.0
127,1684761594,03351d2040f227583a8864440c35f89e898bb7702c9756414c686217f98e574f24,03351d2040f227583a88,[],#3399ff,data-loss-protect,True,True,upfront-shutdown-script,False,True,gossip-queries,False,True,tlv-onion,False,True,static-remote-key,False,True,payment-addr,False,True,multi-path-payments,False,True,2.0,11000000.0,0.0,0.0,2.0
126,1678131736,0334301a13892aede05636ab7229d211443b37df8714b1940701efd79484f60491,0334301a13892aede056,[],#3399ff,data-loss-protect,True,True,upfront-shutdown-script,False,True,gossip-queries,False,True,tlv-onion,False,True,static-remote-key,False,True,payment-addr,False,True,multi-path-payments,False,True,2.0,15000000.0,0.0,0.0,2.0
125,1674324613,03308d3e7ae8ccdea496a28eb110e536f43353147e9661285ba0b653408c8661b7,03308d3e7ae8ccdea496,[],#3399ff,data-loss-protect,True,True,upfront-shutdown-script,False,True,gossip-queries,False,True,tlv-onion,False,True,static-remote-key,False,True,payment-addr,False,True,multi-path-payments,False,True,2.0,60000000.0,0.0,0.0,2.0
124,1683203704,032fc6b0ca4d4020d56712fac822cb41a2e0bd05b6c64dbb552c265d9d3ade890b,032fc6b0ca4d4020d567,[],#3399ff,data-loss-protect,True,True,upfront-shutdown-script,False,True,gossip-queries,False,True,tlv-onion,False,True,static-remote-key,False,True,payment-addr,False,True,multi-path-payments,False,True,2.0,10500000.0,0.0,0.0,2.0
123,1677500373,032ef25d83330096e06f0736b299e5f1a680460658e4ec1e1196c97e662e91c8fb,032ef25d83330096e06f,[],#3399ff,data-loss-protect,True,True,upfront-shutdown-script,False,True,gossip-queries,False,True,tlv-onion,False,True,static-remote-key,False,True,payment-addr,False,True,multi-path-payments,False,True,2.0,2000000.0,0.0,0.0,2.0
122,1671556277,03239d2df1ab4e1f625a52e9670432ec673f3befe7ffa3937476ecceae5ca5ea9f,03239d2df1ab4e1f625a,[],#3399ff,data-loss-protect,True,True,upfront-shutdown-script,False,True,gossip-queries,False,True,tlv-onion,False,True,static-remote-key,False,True,payment-addr,False,True,multi-path-payments,False,True,2.0,1100000.0,0.0,0.0,2.0
119,1683827671,031af7e23a369a6cc0169c39085b06bc0fb1513e16699b327c0b32bd9548bd8680,031af7e23a369a6cc016,[],#3399ff,data-loss-protect,True,True,upfront-shutdown-script,False,True,gossip-queries,False,True,tlv-onion,False,True,static-remote-key,False,True,payment-addr,False,True,multi-path-payments,False,True,2.0,380000.0,0.0,0.0,2.0
30,1684729512,023ec00c85492a99142a4bc5c53c155bdaed22a152f07468fbb573c228048ee07b,023ec00c85492a99142a,[],#3399ff,data-loss-protect,True,True,upfront-shutdown-script,False,True,gossip-queries,False,True,tlv-onion,False,True,static-remote-key,False,True,payment-addr,False,True,multi-path-payments,False,True,2.0,200000000.0,0.0,0.0,2.0
117,1682344763,031692e04a3dc3cdc1cb0afd01bac0187f5c16b1ba97c80219c7323233e10eca50,031692e04a3dc3cdc1cb,[],#3399ff,data-loss-protect,True,True,upfront-shutdown-script,False,True,gossip-queries,False,True,tlv-onion,False,True,static-remote-key,False,True,payment-addr,False,True,multi-path-payments,False,True,2.0,5854630.0,0.0,0.0,2.0
116,1674680430,031675627efbf26ee05aa2a8715811c18fe1a8423caa19857a5798fda50b0276e7,031675627efbf26ee05a,[],#3399ff,data-loss-protect,True,True,upfront-shutdown-script,False,True,gossip-queries,False,True,tlv-onion,False,True,static-remote-key,False,True,payment-addr,False,True,multi-path-payments,False,True,2.0,5500000.0,0.0,0.0,2.0
175,1671400535,03c17c361c9d4d7d343c8047b6b9a7fe162b818c47f4c7978571156a303eebf736,03c17c361c9d4d7d343c,[],#3399ff,data-loss-protect,True,True,upfront-shutdown-script,False,True,gossip-queries,False,True,tlv-onion,False,True,static-remote-key,False,True,payment-addr,False,True,multi-path-payments,False,True,0.0,0.0,2.0,20000000.0,2.0
172,1684530191,03b6bd55812640653c9cc2c671f992a56b80492ae80c24d671d1483f93e4fb44a6,03b6bd55812640653c9c,[],#3399ff,data-loss-protect,True,True,upfront-shutdown-script,False,True,gossip-queries,False,True,tlv-onion,False,True,static-remote-key,False,True,payment-addr,False,True,multi-path-payments,False,True,1.0,4987030.0,1.0,200000000.0,2.0
176,1671271736,03c642ca098e6fda0ad465eaf989e8e92997aa6814b9455d07ee82c151db360267,03c642ca098e6fda0ad4,[],#3399ff,data-loss-protect,True,True,upfront-shutdown-script,False,True,gossip-queries,False,True,tlv-onion,False,True,static-remote-key,False,True,payment-addr,False,True,multi-path-payments,False,True,0.0,0.0,2.0,90000000.0,2.0
177,1681317915,03ca82a3db62af301cc3086fcec5a54822a938873e5e1d305565c72644da3df5ac,03ca82a3db62af301cc3,[],#3399ff,data-loss-protect,True,True,upfront-shutdown-script,False,True,gossip-queries,False,True,tlv-onion,False,True,static-remote-key,False,True,payment-addr,False,True,multi-path-payments,False,True,0.0,0.0,2.0,200000000.0,2.0
112,1682355393,0300188eb2dd15e870ff45bf9f04e26b96e8289576ecc1768f1e3a73bc00fe33e1,0300188eb2dd15e870ff,[],#3399ff,data-loss-protect,True,True,upfront-shutdown-script,False,True,gossip-queries,False,True,tlv-onion,False,True,static-remote-key,False,True,payment-addr,False,True,multi-path-payments,False,True,2.0,204987030.0,0.0,0.0,2.0
11,1685045823,021bfe2342b244124af783d9824de87c45e96fd5468db718785e5d1abc9235ad49,021bfe2342b244124af7,[],#3399ff,data-loss-protect,True,True,upfront-shutdown-script,False,True,gossip-queries,False,True,tlv-onion,False,True,static-remote-key,False,True,payment-addr,False,True,multi-path-payments,False,True,2.0,400000000.0,0.0,0.0,2.0
109,1673982497,02f1a8b8d244d4ab76a4de2d533d1226c24457a862933db2ef11de2cb68b9c7b9e,02f1a8b8d244d4ab76a4,[],#3399ff,data-loss-protect,True,True,upfront-shutdown-script,False,True,gossip-queries,False,True,tlv-onion,False,True,static-remote-key,False,True,payment-addr,False,True,multi-path-payments,False,True,2.0,13000000.0,0.0,0.0,2.0
32,1685055496,02441c0826d264328eac5e70832b96f80dd9634d78a5b5e92b55dd44fc2f8d30a1,02441c0826d264328eac,[],#3399ff,data-loss-protect,True,True,upfront-shutdown-script,False,True,gossip-queries,False,True,tlv-onion,False,True,static-remote-key,False,True,payment-addr,False,True,multi-path-payments,False,True,2.0,2000000.0,0.0,0.0,2.0
180,1684274744,03d0e43d251567705df829fe4dda115637a8c8c1e980adcece3ecfbd62b8ab6ca3,03d0e43d251567705df8,[],#3399ff,data-loss-protect,True,True,upfront-shutdown-script,False,True,gossip-queries,False,True,tlv-onion,False,True,static-remote-key,False,True,payment-addr,False,True,multi-path-payments,False,True,0.0,0.0,2.0,1100000.0,2.0
106,1680624317,02eda0c99c15fe8e4308ecc8454416df8ee43a4ee5a89089a81fc6ff0bdd20103d,02eda0c99c15fe8e4308,[],#3399ff,data-loss-protect,True,True,upfront-shutdown-script,False,True,gossip-queries,False,True,tlv-onion,False,True,static-remote-key,False,True,payment-addr,False,True,multi-path-payments,False,True,2.0,5000000.0,0.0,0.0,2.0
1,1685046972,0206af44685a8823fafab8f8643c0f2e79a6b5ab8a4ccc481f33e2cfd29e056774,0206af44685a8823fafa,[],#3399ff,data-loss-protect,True,True,upfront-shutdown-script,False,True,gossip-queries,False,True,tlv-onion,False,True,static-remote-key,False,True,payment-addr,False,True,multi-path-payments,False,True,2.0,70000000.0,0.0,0.0,2.0
48,1684363066,0266c472c808766481260f185ce3f46074138e2839649ad52d8f76620976ddd7b5,0266c472c80876648126,[],#3399ff,data-loss-protect,True,True,upfront-shutdown-script,False,True,gossip-queries,False,True,tlv-onion,False,True,static-remote-key,False,True,payment-addr,False,True,multi-path-payments,False,True,2.0,10000000.0,0.0,0.0,2.0
13,1683255693,021e3de25a91849467df96012d4202591090680db3d6a8e85dd9ccbcaa4a870aef,021e3de25a91849467df,[],#3399ff,data-loss-protect,True,True,upfront-shutdown-script,False,True,gossip-queries,False,True,tlv-onion,False,True,static-remote-key,False,True,payment-addr,False,True,multi-path-payments,False,True,2.0,11000000.0,0.0,0.0,2.0
100,1674762194,02e46a2b54005c1cbf196b8822d4a86dd46e78901696cb543acf97c2ef262b4ace,02e46a2b54005c1cbf19,[],#3399ff,data-loss-protect,True,True,upfront-shutdown-script,False,True,gossip-queries,False,True,tlv-onion,False,True,static-remote-key,False,True,payment-addr,False,True,multi-path-payments,False,True,2.0,11000000.0,0.0,0.0,2.0
133,0,033e55e4ffca1eaf5d0645a1ac69dff029766594e0b77badc31ad6a8d6fabe5226,,[],#000000,,,,,,,,,,,,,,,,,,,,,,2.0,209987030.0,0.0,0.0,2.0
18,1685028909,02263d0397c9a554809cf7c133522f5ec5adb1dca8f5e6ca2fc8ad6da9a90a0f55,02263d0397c9a554809c,[],#3399ff,data-loss-protect,True,True,upfront-shutdown-script,False,True,gossip-queries,False,True,tlv-onion,False,True,static-remote-key,False,True,payment-addr,False,True,multi-path-payments,False,True,2.0,10000000.0,0.0,0.0,2.0
161,1683475043,0394934344798c13449330051afb9b2f3a464bdccba5ac05105f99d2e03d23fae7,0394934344798c134493,[],#3399ff,data-loss-protect,True,True,upfront-shutdown-script,False,True,gossip-queries,False,True,tlv-onion,False,True,static-remote-key,False,True,payment-addr,False,True,multi-path-payments,False,True,1.0,1000000.0,1.0,2500000.0,2.0
20,1684828832,0229e272d68a7fe68f9d0b7de043a43df1dde7559b8f0f9ef7e8f2b808ecb82ab8,0229e272d68a7fe68f9d,[],#3399ff,data-loss-protect,True,True,upfront-shutdown-script,False,True,gossip-queries,False,True,tlv-onion,False,True,static-remote-key,False,True,payment-addr,False,True,multi-path-payments,False,True,2.0,200000.0,0.0,0.0,2.0
162,1684831589,039ab1a7e8a34c252c6a75b923c85d5f2cd5d53bdcc86638809ccfa8e8a1e07ed3,039ab1a7e8a34c252c6a,[],#3399ff,data-loss-protect,True,True,upfront-shutdown-script,False,True,gossip-queries,False,True,tlv-onion,False,True,static-remote-key,False,True,payment-addr,False,True,multi-path-payments,False,True,1.0,10000000.0,1.0,10000000.0,2.0
163,1679331912,039d16765166c5abdd13339f4335a14cdbc41019ffb4f17c59054a226abf120731,039d16765166c5abdd13,[],#3399ff,data-loss-protect,True,True,upfront-shutdown-script,False,True,gossip-queries,False,True,tlv-onion,False,True,static-remote-key,False,True,payment-addr,False,True,multi-path-payments,False,True,1.0,10000000.0,1.0,5000000.0,2.0
15,1673817369,0221679def0ea43d39f46181a8025d09190bb07703e9a3bb31e22db26fc6e1be4d,0221679def0ea43d39f4,[],#3399ff,data-loss-protect,True,True,upfront-shutdown-script,False,True,gossip-queries,False,True,tlv-onion,False,True,static-remote-key,False,True,payment-addr,False,True,multi-path-payments,False,True,2.0,20000000.0,0.0,0.0,2.0
151,1682967011,036dd52770f148f2a95001e73088396d1e94ef1d37a3662bb80447803e8086ad93,036dd52770f148f2a950,[],#3399ff,data-loss-protect,True,True,upfront-shutdown-script,False,True,gossip-queries,False,True,tlv-onion,False,True,static-remote-key,False,True,payment-addr,False,True,multi-path-payments,False,True,2.0,200000.0,0.0,0.0,2.0
21,1684900674,022ae62a396ec123b2a3c5948478fb8b79c908eaaba90328cbf8e41896895ed271,022ae62a396ec123b2a3,[],#3399ff,data-loss-protect,True,True,upfront-shutdown-script,False,True,gossip-queries,False,True,tlv-onion,False,True,static-remote-key,False,True,payment-addr,False,True,multi-path-payments,False,True,2.0,210000.0,0.0,0.0,2.0
22,1684163367,022b148a90458e5d77911f55a97221e305ea1c1bd98c5c8b3a5ad340929f62876d,022b148a90458e5d7791,[],#3399ff,data-loss-protect,True,True,upfront-shutdown-script,False,True,gossip-queries,False,True,tlv-onion,False,True,static-remote-key,False,True,payment-addr,False,True,multi-path-payments,False,True,2.0,6000000.0,0.0,0.0,2.0
148,1682493849,036951732458b4d486df5bed2704ea08014ba1c4447948456a0984413a94b3fd9f,036951732458b4d486df,[],#3399ff,data-loss-protect,True,True,upfront-shutdown-script,False,True,gossip-queries,False,True,tlv-onion,False,True,static-remote-key,False,True,payment-addr,False,True,multi-path-payments,False,True,2.0,20000000.0,0.0,0.0,2.0
23,1683991665,022b2b525e39f2e4872597aaed129e1af31d1dd44b8b10c25b1f2ac8680c573fc8,022b2b525e39f2e48725,[],#3399ff,data-loss-protect,True,True,upfront-shutdown-script,False,True,gossip-queries,False,True,tlv-onion,False,True,static-remote-key,False,True,payment-addr,False,True,multi-path-payments,False,True,2.0,15000000.0,0.0,0.0,2.0
146,1612114862,036527574e74b3d12ec4875d4d8004a6c35a01bd18fe87c21fd4d98be3572ad83e,036527574e74b3d12ec4,[],#3399ff,data-loss-protect,True,True,upfront-shutdown-script,False,True,gossip-queries,False,True,tlv-onion,False,True,static-remote-key,False,True,payment-addr,False,True,multi-path-payments,False,True,2.0,4329986.0,0.0,0.0,2.0
166,1684961087,03ae7ae89d471e9f88d8d881e15508c0e89c93bfcabfe8e4fd545e9238dd06561b,03ae7ae89d471e9f88d8,[],#3399ff,data-loss-protect,True,True,upfront-shutdown-script,False,True,gossip-queries,False,True,tlv-onion,False,True,static-remote-key,False,True,payment-addr,False,True,multi-path-payments,False,True,1.0,987030.0,1.0,64252300.0,2.0
142,1684056177,0355237b0ee2fb8c65315b412e4b25587978867a9616f2bf6d967d2fdd5411d833,0355237b0ee2fb8c6531,[],#3399ff,data-loss-protect,True,True,upfront-shutdown-script,False,True,gossip-queries,False,True,tlv-onion,False,True,static-remote-key,False,True,payment-addr,False,True,multi-path-payments,False,True,2.0,3000000.0,0.0,0.0,2.0
26,1677425562,02335246255b5607fe3d853ba44c564b2649afc11ac61f96314daf692ea82861b3,02335246255b5607fe3d,[],#3399ff,data-loss-protect,True,True,upfront-shutdown-script,False,True,gossip-queries,False,True,tlv-onion,False,True,static-remote-key,False,True,payment-addr,False,True,multi-path-payments,False,True,2.0,2000000.0,0.0,0.0,2.0
140,1672854433,034a7b1c8a20e63f8e26cb0a493d3abcad6cb254e6a62ee3b31f55d74d5dab5e04,034a7b1c8a20e63f8e26,[],#3399ff,data-loss-protect,True,True,upfront-shutdown-script,False,True,gossip-queries,False,True,tlv-onion,False,True,static-remote-key,False,True,payment-addr,False,True,multi-path-payments,False,True,2.0,7000000.0,0.0,0.0,2.0
14,1671202466,021f5400565c6189b0d6e95c9b9093368f30b7e9076eb8e1692093187435dbfad5,021f5400565c6189b0d6,[],#3399ff,data-loss-protect,True,True,upfront-shutdown-script,False,True,gossip-queries,False,True,tlv-onion,False,True,static-remote-key,False,True,payment-addr,False,True,multi-path-payments,False,True,2.0,1899999.0,0.0,0.0,2.0
137,1643264887,034585e47c97c3fa4fccd29e07edfcb8ea39b20f00e5e414033cb9f26a9beb79b9,034585e47c97c3fa4fcc,[],#3399ff,data-loss-protect,True,True,upfront-shutdown-script,False,True,gossip-queries,False,True,tlv-onion,False,True,static-remote-key,False,True,payment-addr,False,True,multi-path-payments,False,True,1.0,57490.0,1.0,500000.0,2.0
136,1671483222,034583d67c9f0a49ffc7f6a099cd819dd972e98c7539ae6cfa2317bfc3e446aa09,034583d67c9f0a49ffc7,[],#3399ff,data-loss-protect,True,True,upfront-shutdown-script,False,True,gossip-queries,False,True,tlv-onion,False,True,static-remote-key,False,True,payment-addr,False,True,multi-path-payments,False,True,2.0,8000000.0,0.0,0.0,2.0
27,1684927670,02395c2dbf752f266e19127014f0dec551810465d1c9cf7f1a9d9db25ade64a3ab,02395c2dbf752f266e19,[],#3399ff,data-loss-protect,True,True,upfront-shutdown-script,False,True,gossip-queries,False,True,tlv-onion,False,True,static-remote-key,False,True,payment-addr,False,True,multi-path-payments,False,True,2.0,11000000.0,0.0,0.0,2.0
28,1673725650,0239b917f5f58f3032130c616d329ca3b78ec1a796e11a0627c421d3da3f04d6f2,vctt,"[{'network': 'tcp', 'addr': '177.235.45.29:9735'}]",#3399ff,data-loss-protect,True,True,upfront-shutdown-script,False,True,gossip-queries,False,True,tlv-onion,False,True,static-remote-key,False,True,payment-addr,False,True,multi-path-payments,False,True,2.0,101000666.0,0.0,0.0,2.0
101,1672794120,02e4bb0375428abad490c8988c4eec2f6622914fd0ef3ced3508c22421bba2ad9e,02e4bb0375428abad490,[],#3399ff,data-loss-protect,True,True,upfront-shutdown-script,False,True,gossip-queries,False,True,tlv-onion,False,True,static-remote-key,False,True,payment-addr,False,True,multi-path-payments,False,True,2.0,5000000.0,0.0,0.0,2.0
103,1683323435,02e6b2ad29ee80571129ea3d078e9e0200a45571445ffe33983c09874dbb9d0192,02e6b2ad29ee80571129,[],#3399ff,data-loss-protect,True,True,upfront-shutdown-script,False,True,gossip-queries,False,True,tlv-onion,False,True,static-remote-key,False,True,payment-addr,False,True,multi-path-payments,False,True,2.0,1100000.0,0.0,0.0,2.0
99,1682098652,02e37ee91fc85ccf9dc45771b436f06f9a9a4c84b8210be8ad518f72de5e38ed56,02e37ee91fc85ccf9dc4,[],#3399ff,data-loss-protect,True,True,upfront-shutdown-script,False,True,gossip-queries,False,True,tlv-onion,False,True,static-remote-key,False,True,payment-addr,False,True,multi-path-payments,False,True,2.0,5000000.0,0.0,0.0,2.0
64,1681653435,028e309db2c249fd95caee96860377467d354b16333f9bf2c03cf64a5236fd298a,028e309db2c249fd95ca,[],#3399ff,data-loss-protect,True,True,upfront-shutdown-script,False,True,gossip-queries,False,True,tlv-onion,False,True,static-remote-key,False,True,payment-addr,False,True,multi-path-payments,False,True,2.0,20000000.0,0.0,0.0,2.0
76,1674268797,02aab6051d7b1879c73ec3d29aee96deac62ae96114ba087f8276c83a3b8cad67e,02aab6051d7b1879c73e,[],#3399ff,data-loss-protect,True,True,upfront-shutdown-script,False,True,gossip-queries,False,True,tlv-onion,False,True,static-remote-key,False,True,payment-addr,False,True,multi-path-payments,False,True,2.0,6200000.0,0.0,0.0,2.0
41,1678119619,0255b8da5045ff966f1101a5000e29cc66f4b3a4ec057c72fb953c1ae03ad60144,0255b8da5045ff966f11,[],#3399ff,data-loss-protect,True,True,upfront-shutdown-script,False,True,gossip-queries,False,True,tlv-onion,False,True,static-remote-key,False,True,payment-addr,False,True,multi-path-payments,False,True,2.0,2899999.0,0.0,0.0,2.0
33,1684301847,0245049682dce354c2329ffc8c5713edac1a03d7c1a91a644953ada1a7c158e3ca,0245049682dce354c232,[],#3399ff,data-loss-protect,True,True,upfront-shutdown-script,False,True,gossip-queries,False,True,tlv-onion,False,True,static-remote-key,False,True,payment-addr,False,True,multi-path-payments,False,True,2.0,30000000.0,0.0,0.0,2.0
42,1675745134,0256a9dc3e4a0b3263485ec6adf591afb72fb8eefc49729ba1adbff7c4af44fb88,0256a9dc3e4a0b326348,[],#3399ff,data-loss-protect,True,True,upfront-shutdown-script,False,True,gossip-queries,False,True,tlv-onion,False,True,static-remote-key,False,True,payment-addr,False,True,multi-path-payments,False,True,2.0,8000000.0,0.0,0.0,2.0
194,1684443682,03eb43b8c586a05f113e2dd60e1403c6baa0efbd79179349c1cc690d56af4b4859,03eb43b8c586a05f113e,[],#3399ff,data-loss-protect,True,True,upfront-shutdown-script,False,True,gossip-queries,False,True,tlv-onion,False,True,static-remote-key,False,True,payment-addr,False,True,multi-path-payments,False,True,0.0,0.0,2.0,50000000.0,2.0
4,1684943885,020a7c1d99fb2200aa095f6ff0f7ef6563e632c67d1e8d90e46c8683b314561074,020a7c1d99fb2200aa09,[],#3399ff,data-loss-protect,True,True,upfront-shutdown-script,False,True,gossip-queries,False,True,tlv-onion,False,True,static-remote-key,False,True,payment-addr,False,True,multi-path-payments,False,True,2.0,40000000.0,0.0,0.0,2.0
198,1680946645,03eebddea06d3a59f639e3a42de0ab4b9c102d4fb3b8b5006ffcf511370bbd7fba,03eebddea06d3a59f639,[],#3399ff,data-loss-protect,True,True,upfront-shutdown-script,False,True,gossip-queries,False,True,tlv-onion,False,True,static-remote-key,False,True,payment-addr,False,True,multi-path-payments,False,True,0.0,0.0,2.0,15000000.0,2.0
67,1684866550,0290bd984dd8e6a99e30a392f949c4d0c40960407e685887ee7c5f75b0e36de8a8,0290bd984dd8e6a99e30,[],#3399ff,data-loss-protect,True,True,upfront-shutdown-script,False,True,gossip-queries,False,True,tlv-onion,False,True,static-remote-key,False,True,payment-addr,False,True,multi-path-payments,False,True,2.0,2000000.0,0.0,0.0,2.0
65,1675870614,029000bb2caec4e7c07659adfeb7c5dc4995d7b2348313f846145549da32b01b55,029000bb2caec4e7c076,[],#3399ff,data-loss-protect,True,True,upfront-shutdown-script,False,True,gossip-queries,False,True,tlv-onion,False,True,static-remote-key,False,True,payment-addr,False,True,multi-path-payments,False,True,2.0,10100000.0,0.0,0.0,2.0
61,1675024080,028941b671b47cedf51c2367f234b060404e1d7487af885b7ff36bfe77ed1f7ee1,028941b671b47cedf51c,[],#3399ff,data-loss-protect,True,True,upfront-shutdown-script,False,True,gossip-queries,False,True,tlv-onion,False,True,static-remote-key,False,True,payment-addr,False,True,multi-path-payments,False,True,2.0,5000000.0,0.0,0.0,2.0
40,1684836131,02523239b1b281c8afaf80eac4385b4163a30017e17433d2e550511e4bbb6b75e0,02523239b1b281c8afaf,[],#3399ff,data-loss-protect,True,True,upfront-shutdown-script,False,True,gossip-queries,False,True,tlv-onion,False,True,static-remote-key,False,True,payment-addr,False,True,multi-path-payments,False,True,2.0,220000000.0,0.0,0.0,2.0
46,1677182631,026378a6beef3b6317e23c2e1e727d6f9558a2e9e5b606a25413e4c750d569b8b2,026378a6beef3b6317e2,[],#3399ff,data-loss-protect,True,True,upfront-shutdown-script,False,True,gossip-queries,False,True,tlv-onion,False,True,static-remote-key,False,True,payment-addr,False,True,multi-path-payments,False,True,2.0,8000000.0,0.0,0.0,2.0
201,1684133766,03f1579779af33872e8b5908c93173553c7a204c1fbaea9cd077adbc4089590b91,03f1579779af33872e8b,[],#3399ff,data-loss-protect,True,True,upfront-shutdown-script,False,True,gossip-queries,False,True,tlv-onion,False,True,static-remote-key,False,True,payment-addr,False,True,multi-path-payments,False,True,0.0,0.0,2.0,1899999.0,2.0
3,1685021783,020a5763dfbe258647c8e27ade38a64082e58c2e1652182cee0e0425d5df2b7100,020a5763dfbe258647c8,[],#3399ff,data-loss-protect,True,True,upfront-shutdown-script,False,True,gossip-queries,False,True,tlv-onion,False,True,static-remote-key,False,True,payment-addr,False,True,multi-path-payments,False,True,2.0,20000000.0,0.0,0.0,2.0
203,1682423627,03f3807a1eaa8f76e6ce76ba666d8399db127c49523b2990db8328842cc1828668,03f3807a1eaa8f76e6ce,[],#3399ff,data-loss-protect,True,True,upfront-shutdown-script,False,True,gossip-queries,False,True,tlv-onion,False,True,static-remote-key,False,True,payment-addr,False,True,multi-path-payments,False,True,0.0,0.0,2.0,2000000.0,2.0
54,1673230077,027a7340af4fd21a11a3e0e36a62b9ae91d724f41b9e394502e00fe05040c38a8d,027a7340af4fd21a11a3,[],#3399ff,data-loss-protect,True,True,upfront-shutdown-script,False,True,gossip-queries,False,True,tlv-onion,False,True,static-remote-key,False,True,payment-addr,False,True,multi-path-payments,False,True,2.0,21000000.0,0.0,0.0,2.0
53,1682895725,027a08900fe29e956f9bb381d1dda8bcca5bdb2df3fbf1e011a69e7e8879b3a74a,027a08900fe29e956f9b,[],#3399ff,data-loss-protect,True,True,upfront-shutdown-script,False,True,gossip-queries,False,True,tlv-onion,False,True,static-remote-key,False,True,payment-addr,False,True,multi-path-payments,False,True,2.0,2000000.0,0.0,0.0,2.0
52,1681648456,027989fc89accb32284e6190dc37eb4440a6fc83bf4807212ac0f60310decb5503,027989fc89accb32284e,[],#3399ff,data-loss-protect,True,True,upfront-shutdown-script,False,True,gossip-queries,False,True,tlv-onion,False,True,static-remote-key,False,True,payment-addr,False,True,multi-path-payments,False,True,2.0,11000000.0,0.0,0.0,2.0
206,1676645005,03f94a7237adc3caf0479403a66aacbff9d0e70c1a4ad4631e8e5aeab982eba2f0,03f94a7237adc3caf047,[],#3399ff,data-loss-protect,True,True,upfront-shutdown-script,False,True,gossip-queries,False,True,tlv-onion,False,True,static-remote-key,False,True,payment-addr,False,True,multi-path-payments,False,True,0.0,0.0,2.0,2100000.0,2.0
207,1684398200,03fd9b0688ebf5d648a347e0ea097b0391341dda57e2a698f14018412ad382ec5e,03fd9b0688ebf5d648a3,[],#3399ff,data-loss-protect,True,True,upfront-shutdown-script,False,True,gossip-queries,False,True,tlv-onion,False,True,static-remote-key,False,True,payment-addr,False,True,multi-path-payments,False,True,0.0,0.0,2.0,18900000.0,2.0
77,1682609370,02ac19987b4f12f144dafb7a42a287196a49e3cfa7b7eee1e4503d4e752f694a1d,02ac19987b4f12f144da,[],#3399ff,data-loss-protect,True,True,upfront-shutdown-script,False,True,gossip-queries,False,True,tlv-onion,False,True,static-remote-key,False,True,payment-addr,False,True,multi-path-payments,False,True,2.0,197919330.0,0.0,0.0,2.0
160,1685017365,038d43005e29ebce387ddfbc6e180734bd6108855985c7b9428c59d96827eff5b4,038d43005e29ebce387d,[],#3399ff,data-loss-protect,True,True,upfront-shutdown-script,False,True,gossip-queries,False,True,tlv-onion,False,True,static-remote-key,False,True,payment-addr,False,True,multi-path-payments,False,True,1.0,6000000.0,1.0,6000000.0,2.0
90,1685028955,02d75c47f47f5b0547fecd429d49d88ae29b8ad4a99594408c154f3dfdbb1b660a,02d75c47f47f5b0547fe,[],#3399ff,data-loss-protect,True,True,upfront-shutdown-script,False,True,gossip-queries,False,True,tlv-onion,False,True,static-remote-key,False,True,payment-addr,False,True,multi-path-payments,False,True,2.0,205000000.0,0.0,0.0,2.0
83,1678088337,02c20e99b3b86b72c5f6601ca47980ff3dce794175802be6c4a45177b815a36520,02c20e99b3b86b72c5f6,[],#3399ff,data-loss-protect,True,True,upfront-shutdown-script,False,True,gossip-queries,False,True,tlv-onion,False,True,static-remote-key,False,True,payment-addr,False,True,multi-path-payments,False,True,2.0,20000000.0,0.0,0.0,2.0
35,1685022064,02474eca009675327264a9e8c349a9b8e361049fd809244a048afb1d2411ffe98b,02474eca009675327264,[],#3399ff,data-loss-protect,True,True,upfront-shutdown-script,False,True,gossip-queries,False,True,tlv-onion,False,True,static-remote-key,False,True,payment-addr,False,True,multi-path-payments,False,True,2.0,10100000.0,0.0,0.0,2.0
89,1685043462,02d747d515a8d23fa0b586a976ed0c7d1ab7b40ab5d15223497ccc399b248e3186,02d747d515a8d23fa0b5,[],#3399ff,data-loss-protect,True,True,upfront-shutdown-script,False,True,gossip-queries,False,True,tlv-onion,False,True,static-remote-key,False,True,payment-addr,False,True,multi-path-payments,False,True,1.0,10000000.0,1.0,10000000.0,2.0
184,1683117321,03d56095bccf163f3f2292f655f5f71539ae920777777863616c9fd4a9f97d4875,03d56095bccf163f3f22,[],#3399ff,data-loss-protect,True,True,upfront-shutdown-script,False,True,gossip-queries,False,True,tlv-onion,False,True,static-remote-key,False,True,payment-addr,False,True,multi-path-payments,False,True,0.0,0.0,2.0,30000000.0,2.0
97,1684918208,02e04888fc17bb9d72e628548de30133f726980517635e126714da312f07a7344b,02e04888fc17bb9d72e6,[],#3399ff,data-loss-protect,True,True,upfront-shutdown-script,False,True,gossip-queries,False,True,tlv-onion,False,True,static-remote-key,False,True,payment-addr,False,True,multi-path-payments,False,True,2.0,5000000.0,0.0,0.0,2.0
91,1685041325,02d7cd0d86afec9921af948998c8788cea7b81bb7c1b567a32b646feb86d88863d,02d7cd0d86afec9921af,[],#3399ff,data-loss-protect,True,True,upfront-shutdown-script,False,True,gossip-queries,False,True,tlv-onion,False,True,static-remote-key,False,True,payment-addr,False,True,multi-path-payments,False,True,2.0,110000000.0,0.0,0.0,2.0
81,1683562754,02ba6a1c672c01bfe0348f08b2e25739dae30f704279a49a51ca53c36f0c17fa7d,02ba6a1c672c01bfe034,[],#3399ff,data-loss-protect,True,True,upfront-shutdown-script,False,True,gossip-queries,False,True,tlv-onion,False,True,static-remote-key,False,True,payment-addr,False,True,multi-path-payments,False,True,2.0,50000000.0,0.0,0.0,2.0
181,0,03d1184b1ca1e9b1b445d48989862c3b4947c90edffa13b53c38229d67f43a3734,,[],#000000,,,,,,,,,,,,,,,,,,,,,,0.0,0.0,1.0,9987030.0,1.0
17,1682097767,0224349b2f4c1b669c32920c50f69701e50dab44f4f27ad08c26b39a20f1bc4cee,0224349b2f4c1b669c32,[],#3399ff,data-loss-protect,True,True,upfront-shutdown-script,False,True,gossip-queries,False,True,tlv-onion,False,True,static-remote-key,False,True,payment-addr,False,True,multi-path-payments,False,True,1.0,4000000.0,0.0,0.0,1.0
186,1683024822,03d6658e8261594a51a9638e04fd1afd22366fcde03005c434b47cb67c63be931f,03d6658e8261594a51a9,[],#3399ff,data-loss-protect,True,True,upfront-shutdown-script,False,True,gossip-queries,False,True,tlv-onion,False,True,static-remote-key,False,True,payment-addr,False,True,multi-path-payments,False,True,0.0,0.0,1.0,10000000.0,1.0
205,1684542524,03f80f612a8899d9621af2bc0f988216e53907f58d293f4e85824b2d31e51290b8,03f80f612a8899d9621a,[],#3399ff,data-loss-protect,True,True,upfront-shutdown-script,False,True,gossip-queries,False,True,tlv-onion,False,True,static-remote-key,False,True,payment-addr,False,True,multi-path-payments,False,True,0.0,0.0,1.0,100000000.0,1.0
2,1675065331,0207b03378301c5b34f78798f48359513d9f9086d8e56455b9a00eff715558586f,0207b03378301c5b34f7,[],#3399ff,data-loss-protect,True,True,upfront-shutdown-script,False,True,gossip-queries,False,True,tlv-onion,False,True,static-remote-key,False,True,payment-addr,False,True,multi-path-payments,False,True,1.0,3000000.0,0.0,0.0,1.0
182,0,03d29d88ed769a6f040e74788571299f16c0d46a1831277c7bbf7679750a941568,,[],#000000,,,,,,,,,,,,,,,,,,,,,,0.0,0.0,1.0,200000.0,1.0
10,1659615174,021b2459b6ee500f5497fe9c54af0ad00d87c0d2973254c01cd02acb4e67865d7c,021b2459b6ee500f5497,[],#3399ff,data-loss-protect,True,True,upfront-shutdown-script,False,True,gossip-queries,False,True,tlv-onion,False,True,static-remote-key,False,True,payment-addr,False,True,multi-path-payments,False,True,1.0,100000000.0,0.0,0.0,1.0
208,0,03fed78c47189c16f829de6869330f4ac38050eee4e3f460b22da676808e3c88a6,,[],#000000,,,,,,,,,,,,,,,,,,,,,,0.0,0.0,1.0,20000000.0,1.0
179,1680199938,03ce1a9762a761137eef99e7d80433149a4b0f1704ddc18e2a9b28dcc306b61607,03ce1a9762a761137eef,[],#3399ff,data-loss-protect,True,True,upfront-shutdown-script,False,True,gossip-queries,False,True,tlv-onion,False,True,static-remote-key,False,True,payment-addr,False,True,multi-path-payments,False,True,0.0,0.0,1.0,50000.0,1.0
165,1685027572,03aa81b5f1b0c2ed2ae4e2cb04f8616d60135adfb214fa8b29f6b5b81bfed514b0,03aa81b5f1b0c2ed2ae4,[],#3399ff,data-loss-protect,True,True,upfront-shutdown-script,False,True,gossip-queries,False,True,tlv-onion,False,True,static-remote-key,False,True,payment-addr,False,True,multi-path-payments,False,True,1.0,10000000.0,0.0,0.0,1.0
183,1684990777,03d46298025517ec002aad743229c4ad0a64614b2eee76a003b4d5c82a436b0334,03d46298025517ec002a,[],#3399ff,data-loss-protect,True,True,upfront-shutdown-script,False,True,gossip-queries,False,True,tlv-onion,False,True,static-remote-key,False,True,payment-addr,False,True,multi-path-payments,False,True,0.0,0.0,1.0,100000000.0,1.0
7,1683128348,0214a799e0dc0f1f591e7032ea0e389efc8b7c4119f11266f81c31f2b58a9697f3,0214a799e0dc0f1f591e,[],#3399ff,data-loss-protect,True,True,upfront-shutdown-script,False,True,gossip-queries,False,True,tlv-onion,False,True,static-remote-key,False,True,payment-addr,False,True,multi-path-payments,False,True,1.0,10000000.0,0.0,0.0,1.0
200,1684655098,03efb3ee6f67bdf3acf1e357d2e5539863074c397cfff196380d65dfdbeaa9e671,03efb3ee6f67bdf3acf1,[],#3399ff,data-loss-protect,True,True,upfront-shutdown-script,False,True,gossip-queries,False,True,tlv-onion,False,True,static-remote-key,False,True,payment-addr,False,True,multi-path-payments,False,True,0.0,0.0,1.0,9000000.0,1.0
191,1677209223,03e2b2a4336487b7d2d7d87e859bd0509ec8bc763ea5b6b9ece9daf9a212f38146,03e2b2a4336487b7d2d7,[],#3399ff,data-loss-protect,True,True,upfront-shutdown-script,False,True,gossip-queries,False,True,tlv-onion,False,True,static-remote-key,False,True,payment-addr,False,True,multi-path-payments,False,True,0.0,0.0,1.0,5000000.0,1.0
199,1685014384,03ef9151fd59266e87374dcaa57293118a10bf84eaa8695f6345258b8b6db314c2,03ef9151fd59266e8737,[],#3399ff,data-loss-protect,True,True,upfront-shutdown-script,False,True,gossip-queries,False,True,tlv-onion,False,True,static-remote-key,False,True,payment-addr,False,True,multi-path-payments,False,True,0.0,0.0,1.0,10000000.0,1.0
167,1683003190,03af1e26a824cf1495791a168a335ff8a5f50fc31017df46fc41e5c74139ff54c4,03af1e26a824cf149579,[],#3399ff,data-loss-protect,True,True,upfront-shutdown-script,False,True,gossip-queries,False,True,tlv-onion,False,True,static-remote-key,False,True,payment-addr,False,True,multi-path-payments,False,True,1.0,1000000.0,0.0,0.0,1.0
187,1684675486,03d88096ba7e90f6aa54a981368254a2a20d225e5b86caa7a651549dd141439710,03d88096ba7e90f6aa54,[],#3399ff,data-loss-protect,True,True,upfront-shutdown-script,False,True,gossip-queries,False,True,tlv-onion,False,True,static-remote-key,False,True,payment-addr,False,True,multi-path-payments,False,True,0.0,0.0,1.0,49000000.0,1.0
197,1685027139,03eeaed46280cb56ef3a09593dc88982c5f3c974e776949fa02ae21436aee0c7c5,magneton üß≤‚ö°,"[{'network': 'tcp', 'addr': '51.68.214.224:9735'}]",#ff5f1f,data-loss-protect,True,True,upfront-shutdown-script,False,True,gossip-queries,False,True,tlv-onion,False,True,static-remote-key,False,True,payment-addr,False,True,multi-path-payments,False,True,0.0,0.0,1.0,239997490.0,1.0
188,1683566355,03db35d92e72af28c5d81ec9ec86403bd62a31886e1f8eb3858642fe1ae72bbf29,03db35d92e72af28c5d8,[],#3399ff,data-loss-protect,True,True,upfront-shutdown-script,False,True,gossip-queries,False,True,tlv-onion,False,True,static-remote-key,False,True,payment-addr,False,True,multi-path-payments,False,True,0.0,0.0,1.0,100000.0,1.0
5,1674401457,020acc7dae384a0ca3195ca931213e46fcf420ee4a89ec3e7812579c317471b8bd,020acc7dae384a0ca319,[],#3399ff,data-loss-protect,True,True,upfront-shutdown-script,False,True,gossip-queries,False,True,tlv-onion,False,True,static-remote-key,False,True,payment-addr,False,True,multi-path-payments,False,True,1.0,1000000.0,0.0,0.0,1.0
9,1673782004,02195d6dd885fec08a57a9a7d977d0a1ea6fa4a1bcebfb163339195fce8cb03d31,02195d6dd885fec08a57,[],#3399ff,data-loss-protect,True,True,upfront-shutdown-script,False,True,gossip-queries,False,True,tlv-onion,False,True,static-remote-key,False,True,payment-addr,False,True,multi-path-payments,False,True,1.0,1500000.0,0.0,0.0,1.0
169,1671569854,03afe64e598f03c964b752f56183ea85c74ceee6b311ba273091e6d6a2af632398,03afe64e598f03c964b7,[],#3399ff,data-loss-protect,True,True,upfront-shutdown-script,False,True,gossip-queries,False,True,tlv-onion,False,True,static-remote-key,False,True,payment-addr,False,True,multi-path-payments,False,True,1.0,100000.0,0.0,0.0,1.0
171,0,03b40d974404d0077e35eb189f99aa407476245d97676576cefa723f04f8a1b8b3,,[],#000000,,,,,,,,,,,,,,,,,,,,,,0.0,0.0,1.0,10000000.0,1.0
8,1685026935,0214e4891f996722e7c3462c9313b0cc1763eb009ac8501d823fd785f180e22c17,0214e4891f996722e7c3,[],#3399ff,data-loss-protect,True,True,upfront-shutdown-script,False,True,gossip-queries,False,True,tlv-onion,False,True,static-remote-key,False,True,payment-addr,False,True,multi-path-payments,False,True,1.0,10000000.0,0.0,0.0,1.0
174,1683491662,03c0533d3cbffeaa32fde5869ef0fa8d5d6c4890b4e247bd95a60704a936eca7fc,03c0533d3cbffeaa32fd,[],#3399ff,data-loss-protect,True,True,upfront-shutdown-script,False,True,gossip-queries,False,True,tlv-onion,False,True,static-remote-key,False,True,payment-addr,False,True,multi-path-payments,False,True,0.0,0.0,1.0,10000000.0,1.0
12,1613278657,021c3fe413817e2ee373c62e11467a0b6a82b54db8921eeea23e5b64068cac4e1d,021c3fe413817e2ee373,[],#3399ff,data-loss-protect,True,True,upfront-shutdown-script,False,True,gossip-queries,False,True,tlv-onion,False,True,static-remote-key,False,True,payment-addr,False,True,multi-path-payments,False,True,0.0,0.0,1.0,596188.0,1.0
6,1673862110,020e03f3c318abfac78ae77da75d609774813fbb99c28530ab5ef852b168381aa7,020e03f3c318abfac78a,[],#3399ff,data-loss-protect,True,True,upfront-shutdown-script,False,True,gossip-queries,False,True,tlv-onion,False,True,static-remote-key,False,True,payment-addr,False,True,multi-path-payments,False,True,1.0,40000000.0,0.0,0.0,1.0
128,1683332072,0336812c1f90dd9400dc023b9cdc62dd02d7da3ac32b4bbb36366c2d87adbe3756,0336812c1f90dd9400dc,[],#3399ff,data-loss-protect,True,True,upfront-shutdown-script,False,True,gossip-queries,False,True,tlv-onion,False,True,static-remote-key,False,True,payment-addr,False,True,multi-path-payments,False,True,1.0,100000.0,0.0,0.0,1.0
158,1680464493,038385e8b8c0a46e4759bdb3aff2b689642a90a53e3497f12a1726a3cd1716104c,038385e8b8c0a46e4759,[],#3399ff,data-loss-protect,True,True,upfront-shutdown-script,False,True,gossip-queries,False,True,tlv-onion,False,True,static-remote-key,False,True,payment-addr,False,True,multi-path-payments,False,True,1.0,100000.0,0.0,0.0,1.0
69,0,02949084e91a451134a7e9910dda0f2ade46c552e913e0429f90ce307ebaa87db2,,[],#000000,,,,,,,,,,,,,,,,,,,,,,0.0,0.0,1.0,1000000.0,1.0
38,1675762729,024edffad59cb45807362a80e11147677dd00076a1272e2756ec84e01e1554b11c,024edffad59cb4580736,[],#3399ff,data-loss-protect,True,True,upfront-shutdown-script,False,True,gossip-queries,False,True,tlv-onion,False,True,static-remote-key,False,True,payment-addr,False,True,multi-path-payments,False,True,1.0,5000000.0,0.0,0.0,1.0
85,1671526833,02c2a78d7e8426dadf87cc2c0f6bec076b2ded6fa37dfe3123ab0a0122bdcc9c01,02c2a78d7e8426dadf87,[],#3399ff,data-loss-protect,True,True,upfront-shutdown-script,False,True,gossip-queries,False,True,tlv-onion,False,True,static-remote-key,False,True,payment-addr,False,True,multi-path-payments,False,True,1.0,5000000.0,0.0,0.0,1.0
39,0,024f2e17067902c2f7d7bf3caa5a3f208c2b7a37602ce01882d468fb86ae20b52d,,[],#000000,,,,,,,,,,,,,,,,,,,,,,1.0,5000000.0,0.0,0.0,1.0
82,1675258652,02bd1a9a2646830b382af62410e7c37cf7710ef0f973e5e18cdc6e6d64b040a24f,02bd1a9a2646830b382a,[],#3399ff,data-loss-protect,True,True,upfront-shutdown-script,False,True,gossip-queries,False,True,tlv-onion,False,True,static-remote-key,False,True,payment-addr,False,True,multi-path-payments,False,True,1.0,20000000.0,0.0,0.0,1.0
80,1681621275,02b45ec18b5d3b64ced37c2e0378afe288bc0e5d356d51cc3582a7ba79d102c344,02b45ec18b5d3b64ced3,[],#3399ff,data-loss-protect,True,True,upfront-shutdown-script,False,True,gossip-queries,False,True,tlv-onion,False,True,static-remote-key,False,True,payment-addr,False,True,multi-path-payments,False,True,1.0,9000000.0,0.0,0.0,1.0
79,1684158090,02b1772b04520ee3911f1366bc5eb60a582c6acf10fe538dff5098070e143f1fde,02b1772b04520ee3911f,[],#3399ff,data-loss-protect,True,True,upfront-shutdown-script,False,True,gossip-queries,False,True,tlv-onion,False,True,static-remote-key,False,True,payment-addr,False,True,multi-path-payments,False,True,1.0,1000000.0,0.0,0.0,1.0
74,1684072994,02a702ba822ee59781640493c0c8e54a9e5785698e28665824f5e8fe9a3e9a4564,02a702ba822ee5978164,[],#3399ff,data-loss-protect,True,True,upfront-shutdown-script,False,True,gossip-queries,False,True,tlv-onion,False,True,static-remote-key,False,True,payment-addr,False,True,multi-path-payments,False,True,1.0,9000000.0,0.0,0.0,1.0
72,1680382964,02a2b48dd30ec8e76067402246e15396f7d73d1aa2a8befd19d301a2ecf94830d9,02a2b48dd30ec8e76067,[],#3399ff,data-loss-protect,True,True,upfront-shutdown-script,False,True,gossip-queries,False,True,tlv-onion,False,True,static-remote-key,False,True,payment-addr,False,True,multi-path-payments,False,True,1.0,12500000.0,0.0,0.0,1.0
71,1684155388,02a1f4b2adbfa36c85be1dd1de23c936269495a972402468fd54e5d0a319cfe3dc,02a1f4b2adbfa36c85be,[],#3399ff,data-loss-protect,True,True,upfront-shutdown-script,False,True,gossip-queries,False,True,tlv-onion,False,True,static-remote-key,False,True,payment-addr,False,True,multi-path-payments,False,True,1.0,20000000.0,0.0,0.0,1.0
70,1684055328,0296fd737dfa6314c8be118633992fc8f773348fb62bba2a65acd28d7a039154e5,0296fd737dfa6314c8be,[],#3399ff,data-loss-protect,True,True,upfront-shutdown-script,False,True,gossip-queries,False,True,tlv-onion,False,True,static-remote-key,False,True,payment-addr,False,True,multi-path-payments,False,True,1.0,10000000.0,0.0,0.0,1.0
43,1611599533,025a0021382d8263551423f783fe931c03b13dd215ea9ed8eac91f9d81f99d1775,025a0021382d82635514,[],#3399ff,data-loss-protect,True,True,upfront-shutdown-script,False,True,gossip-queries,False,True,tlv-onion,False,True,static-remote-key,False,True,payment-addr,False,True,multi-path-payments,False,True,1.0,2154804.0,0.0,0.0,1.0
19,1683751761,0226d2ec91ac6cfe77b95a3672321d270f124cba85a1f84aeb9ab15f147537b2e0,0226d2ec91ac6cfe77b9,[],#3399ff,data-loss-protect,True,True,upfront-shutdown-script,False,True,gossip-queries,False,True,tlv-onion,False,True,static-remote-key,False,True,payment-addr,False,True,multi-path-payments,False,True,1.0,1000000.0,0.0,0.0,1.0
66,1683913980,0290a8a6150796ac7cce9399b4047703498fd035c8dbaf7cc83e4392557b5a162e,0290a8a6150796ac7cce,[],#3399ff,data-loss-protect,True,True,upfront-shutdown-script,False,True,gossip-queries,False,True,tlv-onion,False,True,static-remote-key,False,True,payment-addr,False,True,multi-path-payments,False,True,1.0,1000000.0,0.0,0.0,1.0
63,1674307137,028daee22fae4faecd2c118fda4be913aca40d1e39f408547f5ce9f6d0a5bacdcb,028daee22fae4faecd2c,[],#3399ff,data-loss-protect,True,True,upfront-shutdown-script,False,True,gossip-queries,False,True,tlv-onion,False,True,static-remote-key,False,True,payment-addr,False,True,multi-path-payments,False,True,1.0,4000000.0,0.0,0.0,1.0
59,1672222207,0286b28d821f0f1d134ac28580b72e17df8fe727c6df7ccea9d4fc4ae0697e485e,0286b28d821f0f1d134a,[],#3399ff,data-loss-protect,True,True,upfront-shutdown-script,False,True,gossip-queries,False,True,tlv-onion,False,True,static-remote-key,False,True,payment-addr,False,True,multi-path-payments,False,True,1.0,9900000.0,0.0,0.0,1.0
58,1683078785,02843fac504798cce112ce29c2dca7cc86a2793e2c420382d363f68bb6e4cb90a2,02843fac504798cce112,[],#3399ff,data-loss-protect,True,True,upfront-shutdown-script,False,True,gossip-queries,False,True,tlv-onion,False,True,static-remote-key,False,True,payment-addr,False,True,multi-path-payments,False,True,1.0,1000000.0,0.0,0.0,1.0
57,0,0282df350084f7bb5ec5ee22690eab23378ea0278a73806e997c4be6ac8fa13c96,,[],#000000,,,,,,,,,,,,,,,,,,,,,,1.0,179997490.0,0.0,0.0,1.0
56,0,027df6517fc793eae466e15e5fe0da87a5c8b036b85936ed5dc8394efbcc2f83f9,,[],#000000,,,,,,,,,,,,,,,,,,,,,,1.0,5000000.0,0.0,0.0,1.0
55,1596958725,027d489e4cfe55b8a10f29bf1a7cd779a827d90a94d3bb160e0772dc6316875bba,Let there be Guang,"[{'network': 'tcp', 'addr': '172.86.124.234:9735'}]",#7fffd4,,,,,,,,,,tlv-onion,False,True,static-remote-key,False,True,,,,,,,0.0,0.0,1.0,100000000.0,1.0
51,1671383674,0278cd2670f3458a303703aa7711688482afd25efa000f38b39ed3bd755137351b,0278cd2670f3458a3037,[],#3399ff,data-loss-protect,True,True,upfront-shutdown-script,False,True,gossip-queries,False,True,tlv-onion,False,True,static-remote-key,False,True,payment-addr,False,True,multi-path-payments,False,True,1.0,10000000.0,0.0,0.0,1.0
50,1672889964,027894f99a67baaf712dc4c84eeb4fdd997f8abd7c67836cc9c01464f4296fd5d0,027894f99a67baaf712d,[],#3399ff,data-loss-protect,True,True,upfront-shutdown-script,False,True,gossip-queries,False,True,tlv-onion,False,True,static-remote-key,False,True,payment-addr,False,True,multi-path-payments,False,True,1.0,5000000.0,0.0,0.0,1.0
49,1682011436,0277739e1507183c53b265d25296b78d949a944f44630bbbaeea55652d45f39e72,0277739e1507183c53b2,[],#3399ff,data-loss-protect,True,True,upfront-shutdown-script,False,True,gossip-queries,False,True,tlv-onion,False,True,static-remote-key,False,True,payment-addr,False,True,multi-path-payments,False,True,1.0,87030.0,0.0,0.0,1.0
92,1682618031,02d91c492f45e0c9a65ff0efff9a6049dda332e406162c1613545b4e6925162a93,02d91c492f45e0c9a65f,[],#3399ff,data-loss-protect,True,True,upfront-shutdown-script,False,True,gossip-queries,False,True,tlv-onion,False,True,static-remote-key,False,True,payment-addr,False,True,multi-path-payments,False,True,1.0,10000000.0,0.0,0.0,1.0
94,1678632667,02dae949be211a47b0c909a28fbee900180e88e484e803b38e8c2b09f4946d44c4,02dae949be211a47b0c9,[],#3399ff,data-loss-protect,True,True,upfront-shutdown-script,False,True,gossip-queries,False,True,tlv-onion,False,True,static-remote-key,False,True,payment-addr,False,True,multi-path-payments,False,True,1.0,1000000.0,0.0,0.0,1.0
95,1676644945,02dbea4277f4656325621f2c860adcfc3234c98b979dceb60b26b1ab370b67fff6,02dbea4277f465632562,[],#3399ff,data-loss-protect,True,True,upfront-shutdown-script,False,True,gossip-queries,False,True,tlv-onion,False,True,static-remote-key,False,True,payment-addr,False,True,multi-path-payments,False,True,1.0,90000.0,0.0,0.0,1.0
34,1671333013,024600f39445b258e3efed8fb1cd70ad84a5911ebcbc21835106c1f3301fcd693c,024600f39445b258e3ef,[],#3399ff,data-loss-protect,True,True,upfront-shutdown-script,False,True,gossip-queries,False,True,tlv-onion,False,True,static-remote-key,False,True,payment-addr,False,True,multi-path-payments,False,True,1.0,1000000.0,0.0,0.0,1.0
154,0,037603c8c2cdedb9f9f188f046cc0686fa8a0dafb89395106e6dcea659c1d9445e,,[],#000000,,,,,,,,,,,,,,,,,,,,,,1.0,19000000.0,0.0,0.0,1.0
153,1684155239,0373457ac463076bf69f3412c9ea567588635f0185e52f3e4027eb65112bc5343f,0373457ac463076bf69f,[],#3399ff,data-loss-protect,True,True,upfront-shutdown-script,False,True,gossip-queries,False,True,tlv-onion,False,True,static-remote-key,False,True,payment-addr,False,True,multi-path-payments,False,True,1.0,10000000.0,0.0,0.0,1.0
152,0,036fa0dcbeb7d0e2947a7e9a3128d4a44d9af5b00daf9ca0a6c0724f4da4c1cbe9,,[],#000000,,,,,,,,,,,,,,,,,,,,,,1.0,12000000.0,0.0,0.0,1.0
145,1685040158,0362c993b027256a45333ac664f112fd78bb9e730acae0b315782638b48bdd68ca,0362c993b027256a4533,[],#3399ff,data-loss-protect,True,True,upfront-shutdown-script,False,True,gossip-queries,False,True,tlv-onion,False,True,static-remote-key,False,True,payment-addr,False,True,multi-path-payments,False,True,0.0,0.0,1.0,1000000.0,1.0
25,1680145909,022e96b1bc7a6e4fd12aa9c6bab692160f7bde7fe0cb8b688b4a63d5daac0f891d,022e96b1bc7a6e4fd12a,[],#3399ff,data-loss-protect,True,True,upfront-shutdown-script,False,True,gossip-queries,False,True,tlv-onion,False,True,static-remote-key,False,True,payment-addr,False,True,multi-path-payments,False,True,1.0,700000.0,0.0,0.0,1.0
139,0,0349304a72d071eb013b2ed7c3f1236dcb5572855495d48c61250dbd3907a2d95a,,[],#000000,,,,,,,,,,,,,,,,,,,,,,1.0,5000000.0,0.0,0.0,1.0
138,1681908270,03469d22cb90b61e05ebe7b4464126149e278cc541522b3344dbc2f0991c83f3c2,03469d22cb90b61e05eb,[],#3399ff,data-loss-protect,True,True,upfront-shutdown-script,False,True,gossip-queries,False,True,tlv-onion,False,True,static-remote-key,False,True,payment-addr,False,True,multi-path-payments,False,True,1.0,80000000.0,0.0,0.0,1.0
29,1685027103,023da130e2cd9f66f8c6efc533bb733e29b76838b73e546bb2b1db971005bde609,023da130e2cd9f66f8c6,[],#3399ff,data-loss-protect,True,True,upfront-shutdown-script,False,True,gossip-queries,False,True,tlv-onion,False,True,static-remote-key,False,True,payment-addr,False,True,multi-path-payments,False,True,1.0,22000000.0,0.0,0.0,1.0
131,1682620738,033c29570e442d4567743c38456aaf7716c35852353926832327aefb9ee4592476,033c29570e442d456774,[],#3399ff,data-loss-protect,True,True,upfront-shutdown-script,False,True,gossip-queries,False,True,tlv-onion,False,True,static-remote-key,False,True,payment-addr,False,True,multi-path-payments,False,True,1.0,8000000.0,0.0,0.0,1.0
130,1682759705,033b7541841918534c106b553b9475badc9de3e361dd5cf4374927905643b723dc,033b7541841918534c10,[],#3399ff,data-loss-protect,True,True,upfront-shutdown-script,False,True,gossip-queries,False,True,tlv-onion,False,True,static-remote-key,False,True,payment-addr,False,True,multi-path-payments,False,True,1.0,2000000.0,0.0,0.0,1.0
129,1647588505,0336c9b68f15d5dda93e9747c9dc64cb7f8dc56800bbe2d065f18789c39c1039e0,0336c9b68f15d5dda93e,[],#3399ff,data-loss-protect,True,True,upfront-shutdown-script,False,True,gossip-queries,False,True,tlv-onion,False,True,static-remote-key,False,True,payment-addr,False,True,multi-path-payments,False,True,0.0,0.0,1.0,9000000.0,1.0
121,1684425156,0321409b9e57026aefb4adda6ebd4cca3097ab46ff0b152bdb947c3702b1628e91,0321409b9e57026aefb4,[],#3399ff,data-loss-protect,True,True,upfront-shutdown-script,False,True,gossip-queries,False,True,tlv-onion,False,True,static-remote-key,False,True,payment-addr,False,True,multi-path-payments,False,True,1.0,1000000.0,0.0,0.0,1.0
120,1684171698,031fbefbeb181a27a5d07ad913e9609465ed77375ff000125a1322fe88313b3e29,031fbefbeb181a27a5d0,[],#3399ff,data-loss-protect,True,True,upfront-shutdown-script,False,True,gossip-queries,False,True,tlv-onion,False,True,static-remote-key,False,True,payment-addr,False,True,multi-path-payments,False,True,1.0,11000000.0,0.0,0.0,1.0
115,0,030a560935cd5d27ade70c7d45d61c46a5cccaacbf26ecfe26886755c622f72fce,,[],#000000,,,,,,,,,,,,,,,,,,,,,,1.0,21100000.0,0.0,0.0,1.0
114,1671752002,0309b902f259aa876ecbc3e8e93fa05b84d106e7fdaa82d714b13dc13f7865a036,0309b902f259aa876ecb,[],#3399ff,data-loss-protect,True,True,upfront-shutdown-script,False,True,gossip-queries,False,True,tlv-onion,False,True,static-remote-key,False,True,payment-addr,False,True,multi-path-payments,False,True,1.0,40000000.0,0.0,0.0,1.0
113,0,030974578662f7d2a3b070b70b41f3ba154e711ce07dffcce713a818070036b694,,[],#000000,,,,,,,,,,,,,,,,,,,,,,1.0,5000000.0,0.0,0.0,1.0
111,0,02f9bb85c9e1a85d91cc9fc833d6d03721ba66cd90ac59f45a1677e077ecadc024,,[],#000000,,,,,,,,,,,,,,,,,,,,,,1.0,5000000.0,0.0,0.0,1.0
31,1680495195,024147a09841e08100858a1e02e1aaea74d75b188619314a381ff274f6a8d282e7,024147a09841e0810085,[],#3399ff,data-loss-protect,True,True,upfront-shutdown-script,False,True,gossip-queries,False,True,tlv-onion,False,True,static-remote-key,False,True,payment-addr,False,True,multi-path-payments,False,True,1.0,10000000.0,0.0,0.0,1.0
107,1682946141,02eed9a7cc036f58539126bab6f4f01fa89734ffa9b2ce9dcbda7e93d75343f5b7,02eed9a7cc036f585391,[],#3399ff,data-loss-protect,True,True,upfront-shutdown-script,False,True,gossip-queries,False,True,tlv-onion,False,True,static-remote-key,False,True,payment-addr,False,True,multi-path-payments,False,True,1.0,8000000.0,0.0,0.0,1.0
104,1619945829,02e854b2d824a06ac691a198787ee7904a48683e0ba4eba407b533e457c820f799,02e854b2d824a06ac691,[],#3399ff,data-loss-protect,True,True,upfront-shutdown-script,False,True,gossip-queries,False,True,tlv-onion,False,True,static-remote-key,False,True,payment-addr,False,True,multi-path-payments,False,True,1.0,2995984.0,0.0,0.0,1.0
102,1671906515,02e555629de96ac697782457905bb8513216447c31f193921c2b56c2a396518981,02e555629de96ac69778,[],#3399ff,data-loss-protect,True,True,upfront-shutdown-script,False,True,gossip-queries,False,True,tlv-onion,False,True,static-remote-key,False,True,payment-addr,False,True,multi-path-payments,False,True,1.0,10000000.0,0.0,0.0,1.0
105,1684710920,02eb748be2076349531a66b6cebe0db50af282d4fe89d0da7160497ac1613efd12,02eb748be2076349531a,[],#3399ff,data-loss-protect,True,True,upfront-shutdown-script,False,True,gossip-queries,False,True,tlv-onion,False,True,static-remote-key,False,True,payment-addr,False,True,multi-path-payments,False,True,1.0,500000.0,0.0,0.0,1.0
